id,First_name,Last_name,Company,City,Country
0,Timothy,Duran,Dennis-Martin,Port Codyside,Costa Rica
1,Lori,Boone,Brown Ltd,Thorntonhaven,Syrian Arab Republic
2,Susan,Stone,Carrillo-Keller,Carterberg,Gibraltar
3,Gary,Boyd,Thomas PLC,Weaverfurt,Morocco
4,Brenda,Trujillo,Smith PLC,East Kevin,Japan
5,Allison,Smith,Wilson Group,Wangfort,Gambia
6,James,Friedman,Banks and Sons,South Jenniferton,Estonia
7,Adam,Morales,"Hunt, Baker and Maldonado",Hurleymouth,Sierra Leone
8,Tina,Hays,"Evans, Bishop and Walton",South Linda,Cook Islands
9,Cameron,Johnson,"Peters, Rivers and Cole",Stevensstad,Svalbard & Jan Mayen Islands
